book-imbalance,mid_price,timestamp
19244.909612434676,532.35,2022-05-21 22:20:31
16861.013808039217,532.35,2022-05-21 22:20:34
16869.435052097775,532.35,2022-05-21 22:20:36
16864.647659679646,532.35,2022-05-21 22:20:38
16864.647659679646,532.35,2022-05-21 22:20:40
16864.647659679646,532.35,2022-05-21 22:20:42
16864.78751219814,532.35,2022-05-21 22:20:44
16864.78751219814,532.35,2022-05-21 22:20:47
16864.78751219814,532.35,2022-05-21 22:20:49
16864.78751219814,532.35,2022-05-21 22:20:51
16864.78751219814,532.35,2022-05-21 22:20:53
16864.78751219814,532.35,2022-05-21 22:20:55
16864.78751219814,532.35,2022-05-21 22:20:57
16864.78751219814,532.35,2022-05-21 22:20:59
16864.78751219814,532.35,2022-05-21 22:21:02
16864.78751219814,532.35,2022-05-21 22:21:04
16866.343422374415,532.35,2022-05-21 22:21:06
19923.46811726038,532.35,2022-05-21 22:21:08
20393.17083601123,532.35,2022-05-21 22:21:10
19271.380977233715,532.4000000000001,2022-05-21 22:21:12
16814.673649607557,532.5999999999999,2022-05-21 22:21:15
19394.400952407697,532.5999999999999,2022-05-21 22:21:17
19423.003751247998,532.5999999999999,2022-05-21 22:21:19
19423.003751247998,532.5999999999999,2022-05-21 22:21:21
19423.003751247998,532.5999999999999,2022-05-21 22:21:23
19024.684333121953,532.5999999999999,2022-05-21 22:21:25
19024.684333121953,532.5999999999999,2022-05-21 22:21:28
18784.07337999014,532.5999999999999,2022-05-21 22:21:30
18784.07337999014,532.5999999999999,2022-05-21 22:21:32
18784.07337999014,532.5999999999999,2022-05-21 22:21:34
18784.07337999014,532.5999999999999,2022-05-21 22:21:36
18784.07337999014,532.5999999999999,2022-05-21 22:21:39
18784.07337999014,532.5999999999999,2022-05-21 22:21:41
18784.07337999014,532.5999999999999,2022-05-21 22:21:43
20596.949686625667,532.55,2022-05-21 22:21:45
19492.220743460726,532.5999999999999,2022-05-21 22:21:47
19492.220743460726,532.5999999999999,2022-05-21 22:21:50
19746.894843281934,532.5999999999999,2022-05-21 22:21:52
19746.894843281934,532.5999999999999,2022-05-21 22:21:54
19746.894843281934,532.5999999999999,2022-05-21 22:21:56
19660.506164708328,532.5999999999999,2022-05-21 22:21:58
19746.421459257046,532.5999999999999,2022-05-21 22:22:00
19370.150852396444,532.5999999999999,2022-05-21 22:22:03
19370.150852396444,532.5999999999999,2022-05-21 22:22:05
19370.150852396444,532.5999999999999,2022-05-21 22:22:07
19735.115005819967,532.5999999999999,2022-05-21 22:22:09
19735.115005819967,532.5999999999999,2022-05-21 22:22:11
19652.408501946917,532.5999999999999,2022-05-21 22:22:14
19651.009641580433,532.5999999999999,2022-05-21 22:22:16
19651.009641580433,532.5999999999999,2022-05-21 22:22:18
20395.0402610008,532.55,2022-05-21 22:22:20
19375.05771071493,532.4000000000001,2022-05-21 22:22:22
19662.91943358137,532.4000000000001,2022-05-21 22:22:24
19665.49767194469,532.4000000000001,2022-05-21 22:22:27
19665.49767194469,532.4000000000001,2022-05-21 22:22:29
19540.92128587785,532.4000000000001,2022-05-21 22:22:31
19540.92128587785,532.4000000000001,2022-05-21 22:22:33
19540.92128587785,532.4000000000001,2022-05-21 22:22:36
19540.92128587785,532.4000000000001,2022-05-21 22:22:38
21071.516209014026,532.35,2022-05-21 22:22:40
21071.98382734068,532.35,2022-05-21 22:22:43
21071.98382734068,532.35,2022-05-21 22:22:45
21071.98382734068,532.35,2022-05-21 22:22:47
21071.98382734068,532.35,2022-05-21 22:22:49
21096.63831745689,532.35,2022-05-21 22:22:51
20604.14750247716,532.35,2022-05-21 22:22:53
20604.14750247716,532.35,2022-05-21 22:22:56
20604.14750247716,532.35,2022-05-21 22:22:58
20604.14750247716,532.35,2022-05-21 22:23:00
20571.321154648715,532.35,2022-05-21 22:23:02
20604.10081735905,532.35,2022-05-21 22:23:04
20086.970970158018,532.35,2022-05-21 22:23:07
20606.1348271482,532.35,2022-05-21 22:23:09
20606.13300566643,532.35,2022-05-21 22:23:11
20606.13300566643,532.35,2022-05-21 22:23:13
20606.13300566643,532.35,2022-05-21 22:23:16
20606.13300566643,532.35,2022-05-21 22:23:18
20606.324032182827,532.35,2022-05-21 22:23:20
20606.324032182827,532.35,2022-05-21 22:23:22
20655.29365464205,532.35,2022-05-21 22:23:24
20655.29365464205,532.35,2022-05-21 22:23:27
20677.909353205723,532.35,2022-05-21 22:23:29
20645.255114525153,532.35,2022-05-21 22:23:31
20645.255114525153,532.35,2022-05-21 22:23:33
20645.255114525153,532.35,2022-05-21 22:23:35
16509.18057112442,532.65,2022-05-21 22:23:37
18161.093709429726,532.55,2022-05-21 22:23:40
19412.890737120695,532.55,2022-05-21 22:23:42
20260.964067087527,532.55,2022-05-21 22:23:44
20260.964067087527,532.55,2022-05-21 22:23:46
20149.88966095536,532.55,2022-05-21 22:23:48
21321.61688533173,532.5,2022-05-21 22:23:51
21499.751069094582,532.5,2022-05-21 22:23:53
21499.751069094582,532.5,2022-05-21 22:23:55
20492.752051180447,532.55,2022-05-21 22:23:57
20492.774256020224,532.55,2022-05-21 22:23:59
21396.462314266868,532.45,2022-05-21 22:24:01
21434.404136654077,532.45,2022-05-21 22:24:04
21416.92555063114,532.45,2022-05-21 22:24:06
21416.92555063114,532.45,2022-05-21 22:24:08
21416.92555063114,532.45,2022-05-21 22:24:10
21416.92555063114,532.45,2022-05-21 22:24:12
21419.94924126188,532.45,2022-05-21 22:24:15
21419.94924126188,532.45,2022-05-21 22:24:17
21419.94924126188,532.45,2022-05-21 22:24:19
21433.364925688235,532.15,2022-05-21 22:24:21
20526.76514311756,532.15,2022-05-21 22:24:23
19199.426259062522,532.4000000000001,2022-05-21 22:24:26
19761.068636642412,532.35,2022-05-21 22:24:28
19761.068636642412,532.35,2022-05-21 22:24:30
19761.068636642412,532.35,2022-05-21 22:24:32
19835.70638697544,532.35,2022-05-21 22:24:34
17660.448531613616,532.35,2022-05-21 22:24:36
17660.448531613616,532.35,2022-05-21 22:24:39
17660.448531613616,532.35,2022-05-21 22:24:41
17660.448531613616,532.35,2022-05-21 22:24:43
17661.40436787654,532.35,2022-05-21 22:24:45
17661.40436787654,532.35,2022-05-21 22:24:47
17359.22809301653,532.35,2022-05-21 22:24:49
17359.22809301653,532.35,2022-05-21 22:24:52
17359.22809301653,532.35,2022-05-21 22:24:54
17359.22809301653,532.35,2022-05-21 22:24:56
15898.358364818987,532.35,2022-05-21 22:24:58
17457.14551460615,532.35,2022-05-21 22:25:00
17368.065422068754,532.3,2022-05-21 22:25:03
17469.67484646283,532.3,2022-05-21 22:25:05
17469.67484646283,532.3,2022-05-21 22:25:07
17469.67484646283,532.3,2022-05-21 22:25:09
17604.746147083086,532.3,2022-05-21 22:25:11
14846.606784571111,532.35,2022-05-21 22:25:14
14846.606784571111,532.35,2022-05-21 22:25:16
14846.522588599717,532.35,2022-05-21 22:25:18
14846.522588599717,532.35,2022-05-21 22:25:20
14846.522588599717,532.35,2022-05-21 22:25:22
14822.491310038939,532.35,2022-05-21 22:25:24
12400.53256617586,532.35,2022-05-21 22:25:27
12398.273992114584,532.35,2022-05-21 22:25:29
13848.694305231453,532.35,2022-05-21 22:25:31
13848.694305231453,532.35,2022-05-21 22:25:33
13848.69248248031,532.35,2022-05-21 22:25:35
13848.69248248031,532.35,2022-05-21 22:25:37
13848.682433167154,532.35,2022-05-21 22:25:40
12296.246988742656,532.35,2022-05-21 22:25:42
12296.246988742656,532.35,2022-05-21 22:25:44
12296.246988742656,532.35,2022-05-21 22:25:46
13912.093471838456,532.35,2022-05-21 22:25:48
13912.093471838456,532.35,2022-05-21 22:25:50
12661.207002128534,532.35,2022-05-21 22:25:53
12661.207002128534,532.35,2022-05-21 22:25:55
12661.207002128534,532.35,2022-05-21 22:25:57
12661.20640691095,532.35,2022-05-21 22:25:59
12661.20640691095,532.35,2022-05-21 22:26:01
12661.20640691095,532.35,2022-05-21 22:26:04
12661.20640691095,532.35,2022-05-21 22:26:06
12661.249340657516,532.35,2022-05-21 22:26:08
12568.247621513076,532.25,2022-05-21 22:26:10
12578.766216660793,532.25,2022-05-21 22:26:12
12982.7710442543,532.15,2022-05-21 22:26:15
15990.290109326806,532.0999999999999,2022-05-21 22:26:17
16020.538764293318,532.15,2022-05-21 22:26:19
16020.538764293318,532.15,2022-05-21 22:26:21
16020.538764293318,532.15,2022-05-21 22:26:23
16021.00821283203,532.15,2022-05-21 22:26:25
16009.350554259448,532.15,2022-05-21 22:26:28
16009.350554259448,532.15,2022-05-21 22:26:30
16009.350554259448,532.15,2022-05-21 22:26:32
16009.350554259448,532.15,2022-05-21 22:26:34
16009.350554259448,532.15,2022-05-21 22:26:36
16001.67798496457,532.15,2022-05-21 22:26:39
16001.67798496457,532.15,2022-05-21 22:26:41
16001.67798496457,532.15,2022-05-21 22:26:43
16001.67798496457,532.15,2022-05-21 22:26:45
16001.67798496457,532.15,2022-05-21 22:26:47
19308.236985088766,532.0,2022-05-21 22:26:50
17960.356142306664,532.0,2022-05-21 22:26:52
18066.723351623285,532.0,2022-05-21 22:26:54
18066.723351623285,532.0,2022-05-21 22:26:57
18066.723351623285,532.0,2022-05-21 22:26:59
15960.375743007715,531.9,2022-05-21 22:27:01
15960.375743007715,531.9,2022-05-21 22:27:03
16028.721761132236,531.9,2022-05-21 22:27:05
16028.721761132236,531.9,2022-05-21 22:27:08
16019.708144520884,531.9,2022-05-21 22:27:10
16019.528920735915,531.9,2022-05-21 22:27:12
16090.134442356719,531.9,2022-05-21 22:27:14
14269.258600939555,531.9,2022-05-21 22:27:16
16090.134442356719,531.9,2022-05-21 22:27:18
14268.016346543829,531.9,2022-05-21 22:27:21
14268.016346543829,531.9,2022-05-21 22:27:23
17313.760455882984,531.8499999999999,2022-05-21 22:27:25
17313.760455882984,531.8499999999999,2022-05-21 22:27:27
14297.449167364633,531.9,2022-05-21 22:27:29
15810.190291742801,531.9,2022-05-21 22:27:31
15815.201640735908,531.9,2022-05-21 22:27:34
15815.201640735908,531.9,2022-05-21 22:27:36
13293.911236647262,531.9,2022-05-21 22:27:38
15815.201640735908,531.9,2022-05-21 22:27:40
12330.072206188344,531.9,2022-05-21 22:27:42
13293.911236647262,531.9,2022-05-21 22:27:45
13293.911236647262,531.9,2022-05-21 22:27:47
13293.911236647262,531.9,2022-05-21 22:27:49
18859.247972484925,531.8499999999999,2022-05-21 22:27:51
16736.7351672587,531.8499999999999,2022-05-21 22:27:53
16736.7351672587,531.8499999999999,2022-05-21 22:27:55
16747.682015571852,531.8499999999999,2022-05-21 22:27:58
16748.38793191156,531.8499999999999,2022-05-21 22:28:00
19298.004107198813,531.8499999999999,2022-05-21 22:28:02
19256.81156411367,531.8499999999999,2022-05-21 22:28:04
16731.658245101582,531.8499999999999,2022-05-21 22:28:06
19256.81156411367,531.8499999999999,2022-05-21 22:28:09
19256.81156411367,531.8499999999999,2022-05-21 22:28:11
19256.81156411367,531.8499999999999,2022-05-21 22:28:13
16731.658245101582,531.8499999999999,2022-05-21 22:28:15
15766.02629802033,531.8499999999999,2022-05-21 22:28:17
16731.57721047228,531.8499999999999,2022-05-21 22:28:20
16731.57721047228,531.8499999999999,2022-05-21 22:28:22
16731.57721047228,531.8499999999999,2022-05-21 22:28:24
16731.57721047228,531.8499999999999,2022-05-21 22:28:26
14425.085575564268,531.9,2022-05-21 22:28:28
14425.085575564268,531.9,2022-05-21 22:28:31
13460.627008697867,531.9,2022-05-21 22:28:33
14424.326483384579,531.9,2022-05-21 22:28:35
16967.405765063835,531.9,2022-05-21 22:28:37
16967.405765063835,531.9,2022-05-21 22:28:39
16967.405765063835,531.9,2022-05-21 22:28:42
15893.93475328256,531.95,2022-05-21 22:28:44
16083.142535150077,531.95,2022-05-21 22:28:46
16083.142535150077,531.95,2022-05-21 22:28:48
15237.916205873902,531.75,2022-05-21 22:28:50
15227.083071094761,531.75,2022-05-21 22:28:52
15227.083071094761,531.75,2022-05-21 22:28:55
15227.083071094761,531.75,2022-05-21 22:28:57
15244.291814903667,531.75,2022-05-21 22:28:59
15244.394929663544,531.75,2022-05-21 22:29:01
17508.71969068276,531.9000000000001,2022-05-21 22:29:03
17343.277459632944,532.05,2022-05-21 22:29:06
18902.67811061984,532.0,2022-05-21 22:29:08
18902.63676101663,532.0,2022-05-21 22:29:10
18993.267984803744,532.0,2022-05-21 22:29:12
20292.341626851827,531.95,2022-05-21 22:29:14
20292.186871951097,531.95,2022-05-21 22:29:16
19857.95922884563,531.95,2022-05-21 22:29:19
20106.77395147025,531.95,2022-05-21 22:29:21
20106.77395147025,531.95,2022-05-21 22:29:23
20057.802605953777,531.95,2022-05-21 22:29:25
20057.802605953777,531.95,2022-05-21 22:29:27
20064.408821207184,531.95,2022-05-21 22:29:29
20064.408821207184,531.95,2022-05-21 22:29:32
19744.68763059078,531.95,2022-05-21 22:29:34
19744.692456515633,531.95,2022-05-21 22:29:36
19744.565932983358,531.95,2022-05-21 22:29:38
19982.30824916331,531.95,2022-05-21 22:29:40
19982.30824916331,531.95,2022-05-21 22:29:43
19982.30824916331,531.95,2022-05-21 22:29:45
19982.30824916331,531.95,2022-05-21 22:29:47
17728.893963682665,531.95,2022-05-21 22:29:49
18408.007629589003,531.95,2022-05-21 22:29:51
18408.007629589003,531.95,2022-05-21 22:29:53
17574.335317183817,531.95,2022-05-21 22:29:56
19160.108355459368,531.95,2022-05-21 22:29:58
16337.71093856356,531.95,2022-05-21 22:30:00
16050.66608210784,531.95,2022-05-21 22:30:02
16242.785032094223,531.95,2022-05-21 22:30:04
16505.439247113427,531.95,2022-05-21 22:30:07
15830.190881618619,531.95,2022-05-21 22:30:09
17400.823484766053,531.95,2022-05-21 22:30:11
17400.823484766053,531.95,2022-05-21 22:30:13
12249.991084041045,531.75,2022-05-21 22:30:15
13878.366659012172,531.8,2022-05-21 22:30:18
17855.575098335445,532.0,2022-05-21 22:30:20
19465.49910519132,531.95,2022-05-21 22:30:22
19545.288732533736,531.95,2022-05-21 22:30:24
19112.86802376477,532.05,2022-05-21 22:30:26
19841.4140206072,532.05,2022-05-21 22:30:29
17696.750578980085,531.95,2022-05-21 22:30:31
17357.227643565235,531.9,2022-05-21 22:30:33
17483.681093876086,531.95,2022-05-21 22:30:35
16850.37389678067,531.95,2022-05-21 22:30:37
17768.060522640928,531.95,2022-05-21 22:30:39
17483.25723076092,531.95,2022-05-21 22:30:42
17483.25719391044,531.95,2022-05-21 22:30:44
17468.298384101672,531.85,2022-05-21 22:30:46
15905.427807402782,532.0,2022-05-21 22:30:48
16822.750415335366,532.0,2022-05-21 22:30:50
15823.405785112458,532.0,2022-05-21 22:30:53
15823.355052812729,532.0,2022-05-21 22:30:55
17483.120067769974,531.95,2022-05-21 22:30:57
17483.070458330734,531.95,2022-05-21 22:31:00
18400.939927631975,531.95,2022-05-21 22:31:02
17483.020545593034,531.95,2022-05-21 22:31:05
18897.079216669346,531.95,2022-05-21 22:31:07
18675.456672273354,531.95,2022-05-21 22:31:09
18896.70477550006,531.95,2022-05-21 22:31:11
18675.4038549269,531.95,2022-05-21 22:31:13
18896.668082261433,531.95,2022-05-21 22:31:15
18195.562242543474,532.0,2022-05-21 22:31:18
18764.116381284286,531.95,2022-05-21 22:31:20
18542.819959100132,531.95,2022-05-21 22:31:22
18587.030003026044,531.95,2022-05-21 22:31:24
18808.297631258567,531.95,2022-05-21 22:31:26
18576.928882018918,531.9000000000001,2022-05-21 22:31:28
17798.366194662427,531.9000000000001,2022-05-21 22:31:31
15087.076140120427,532.0,2022-05-21 22:31:33
16981.24626779427,531.95,2022-05-21 22:31:35
17872.84985449189,531.95,2022-05-21 22:31:37
18496.409416277216,531.95,2022-05-21 22:31:39
17775.13493982791,531.95,2022-05-21 22:31:41
18230.87467388478,531.95,2022-05-21 22:31:44
16239.419554985358,531.95,2022-05-21 22:31:46
17057.549348595545,531.95,2022-05-21 22:31:48
17003.068578892362,531.95,2022-05-21 22:31:50
16495.01022853974,531.95,2022-05-21 22:31:52
17084.20228012663,531.95,2022-05-21 22:31:54
16837.37834562405,531.95,2022-05-21 22:31:57
16763.327182199067,531.95,2022-05-21 22:31:59
16458.782833543853,531.95,2022-05-21 22:32:01
16799.342470909854,531.95,2022-05-21 22:32:03
16276.817828360505,531.95,2022-05-21 22:32:05
16817.843732547895,531.95,2022-05-21 22:32:07
16817.843732547895,531.95,2022-05-21 22:32:10
16760.732347411453,531.9000000000001,2022-05-21 22:32:12
16759.095707981403,531.9000000000001,2022-05-21 22:32:14
13213.563565450837,531.75,2022-05-21 22:32:16
13596.909850777576,531.75,2022-05-21 22:32:18
13496.462663694887,531.7,2022-05-21 22:32:21
13122.940476088726,531.7,2022-05-21 22:32:23
13135.744833908546,531.75,2022-05-21 22:32:25
10822.680532817252,531.8,2022-05-21 22:32:27
10822.680532817252,531.8,2022-05-21 22:32:29
10822.680532817252,531.8,2022-05-21 22:32:31
10937.22781569859,531.8,2022-05-21 22:32:33
10937.22781569859,531.8,2022-05-21 22:32:36
10988.602924987697,531.8,2022-05-21 22:32:38
10937.22781569859,531.8,2022-05-21 22:32:40
10937.22781569859,531.8,2022-05-21 22:32:42
10937.22781569859,531.8,2022-05-21 22:32:45
10937.22781569859,531.8,2022-05-21 22:32:47
10937.22781569859,531.8,2022-05-21 22:32:49
13998.897429038752,531.8,2022-05-21 22:32:51
14101.057091316063,531.9,2022-05-21 22:32:53
14682.724272895717,531.9,2022-05-21 22:32:55
17403.503554265746,531.95,2022-05-21 22:32:58
17438.4190478588,531.95,2022-05-21 22:33:00
19037.228213627935,531.95,2022-05-21 22:33:02
15306.511515528198,531.95,2022-05-21 22:33:04
13768.066162750532,531.95,2022-05-21 22:33:07
15075.07617547105,531.95,2022-05-21 22:33:09
13642.219337062257,531.8,2022-05-21 22:33:11
15222.402689242736,531.8,2022-05-21 22:33:13
15781.64814896024,531.8,2022-05-21 22:33:15
15788.007287599527,531.8,2022-05-21 22:33:17
15842.88998933388,531.8,2022-05-21 22:33:20
13349.167249948792,531.7,2022-05-21 22:33:22
13166.98862763148,531.7,2022-05-21 22:33:24
13471.01950615706,531.7,2022-05-21 22:33:26
13566.600114153558,531.5999999999999,2022-05-21 22:33:28
10295.583132477606,531.5999999999999,2022-05-21 22:33:31
12267.084073449738,531.5999999999999,2022-05-21 22:33:33
12286.501588551955,531.5999999999999,2022-05-21 22:33:35
12287.823390770036,531.5999999999999,2022-05-21 22:33:37
10635.52441049699,531.5999999999999,2022-05-21 22:33:39
12282.935911265482,531.5999999999999,2022-05-21 22:33:42
12286.563481545463,531.5999999999999,2022-05-21 22:33:44
12349.929546652731,531.5999999999999,2022-05-21 22:33:46
14055.271318719331,531.5999999999999,2022-05-21 22:33:48
14118.724543253575,531.5999999999999,2022-05-21 22:33:50
14055.454648918501,531.5999999999999,2022-05-21 22:33:52
14309.739847043342,531.5999999999999,2022-05-21 22:33:55
14055.271318719331,531.5999999999999,2022-05-21 22:33:57
14055.271318719331,531.5999999999999,2022-05-21 22:33:59
14309.739847043342,531.5999999999999,2022-05-21 22:34:01
12121.283747075919,531.5999999999999,2022-05-21 22:34:03
13833.30752488079,531.5999999999999,2022-05-21 22:34:05
13833.30752488079,531.5999999999999,2022-05-21 22:34:08
15603.253809073738,531.5999999999999,2022-05-21 22:34:10
13772.757009249604,531.5999999999999,2022-05-21 22:34:12
15391.30240385444,531.65,2022-05-21 22:34:14
15391.30240385444,531.65,2022-05-21 22:34:16
15391.30240385444,531.65,2022-05-21 22:34:19
16087.219644157776,531.7,2022-05-21 22:34:21
15709.729732800874,531.7,2022-05-21 22:34:23
17379.036185548466,531.7,2022-05-21 22:34:25
17495.2277608698,531.7,2022-05-21 22:34:27
16992.21972257573,531.7,2022-05-21 22:34:29
17494.807457386694,531.7,2022-05-21 22:34:32
17559.91225617879,531.7,2022-05-21 22:34:34
16140.887673494039,531.7,2022-05-21 22:34:36
16140.887673494039,531.7,2022-05-21 22:34:38
17559.91225617879,531.7,2022-05-21 22:34:40
16140.887673494039,531.7,2022-05-21 22:34:43
17559.91225617879,531.7,2022-05-21 22:34:45
17494.807457386694,531.7,2022-05-21 22:34:47
16205.958456160573,531.7,2022-05-21 22:34:49
17494.807457386694,531.7,2022-05-21 22:34:51
14863.475276206056,531.75,2022-05-21 22:34:54
14867.706290931847,531.75,2022-05-21 22:34:56
17559.91225617879,531.7,2022-05-21 22:34:58
17494.807457386694,531.7,2022-05-21 22:35:00
17559.91225617879,531.7,2022-05-21 22:35:02
18638.33244735644,531.7,2022-05-21 22:35:04
19586.484573136124,531.7,2022-05-21 22:35:07
17269.495969744108,531.75,2022-05-21 22:35:09
15718.5515299262,531.75,2022-05-21 22:35:11
17494.45244979428,531.75,2022-05-21 22:35:13
17452.068485843985,531.75,2022-05-21 22:35:15
17520.809909559757,531.75,2022-05-21 22:35:18
17520.809909559757,531.75,2022-05-21 22:35:20
16670.106152918226,531.75,2022-05-21 22:35:22
17389.606039066413,531.75,2022-05-21 22:35:24
16166.856877152897,531.65,2022-05-21 22:35:26
16314.772908887096,531.65,2022-05-21 22:35:28
16318.829735258625,531.65,2022-05-21 22:35:31
16318.829735258625,531.65,2022-05-21 22:35:33
16318.829735258625,531.65,2022-05-21 22:35:35
14613.272224823035,531.65,2022-05-21 22:35:37
14621.470888453605,531.65,2022-05-21 22:35:39
14621.470888453605,531.65,2022-05-21 22:35:42
14621.332637837382,531.65,2022-05-21 22:35:44
14639.885608303537,531.65,2022-05-21 22:35:46
14639.885608303537,531.65,2022-05-21 22:35:48
14647.146248913748,531.7,2022-05-21 22:35:50
14712.301025461053,531.7,2022-05-21 22:35:53
14712.301025461053,531.7,2022-05-21 22:35:55
14712.301025461053,531.7,2022-05-21 22:35:57
14712.301025461053,531.7,2022-05-21 22:35:59
14712.301025461053,531.7,2022-05-21 22:36:01
14738.800996136983,531.75,2022-05-21 22:36:03
14738.800996136983,531.75,2022-05-21 22:36:06
14738.800996136983,531.75,2022-05-21 22:36:08
14738.800996136983,531.75,2022-05-21 22:36:10
16138.071974680355,531.75,2022-05-21 22:36:12
14738.339785963843,531.75,2022-05-21 22:36:14
14738.339785963843,531.75,2022-05-21 22:36:16
14738.339785963843,531.75,2022-05-21 22:36:19
14738.339785963843,531.75,2022-05-21 22:36:21
14604.033271040818,531.7,2022-05-21 22:36:23
14604.033271040818,531.7,2022-05-21 22:36:25
12470.158455029945,531.35,2022-05-21 22:36:27
13708.293712997118,531.35,2022-05-21 22:36:30
15696.64184378902,531.4000000000001,2022-05-21 22:36:32
16668.895218270758,531.55,2022-05-21 22:36:34
16668.895218270758,531.55,2022-05-21 22:36:37
18167.37101426609,531.55,2022-05-21 22:36:39
17720.414115112842,531.6,2022-05-21 22:36:41
17720.414115112842,531.6,2022-05-21 22:36:43
18165.790730893914,532.0,2022-05-21 22:36:45
16684.14799975725,531.95,2022-05-21 22:36:48
17831.658958268134,531.95,2022-05-21 22:36:50
17831.472296004846,531.95,2022-05-21 22:36:52
18866.07824536301,531.8,2022-05-21 22:36:54
18866.07824536301,531.8,2022-05-21 22:36:56
18870.732771979838,531.8,2022-05-21 22:36:59
18870.44023151242,531.8,2022-05-21 22:37:01
18876.66840511247,531.8,2022-05-21 22:37:03
18816.427151504093,531.8,2022-05-21 22:37:05
18816.427151504093,531.8,2022-05-21 22:37:07
18816.427151504093,531.8,2022-05-21 22:37:09
18816.427151504093,531.8,2022-05-21 22:37:12
18902.975545904268,531.8,2022-05-21 22:37:14
17550.110330825082,531.8,2022-05-21 22:37:16
17714.00571259857,531.85,2022-05-21 22:37:18
18150.017085483378,531.85,2022-05-21 22:37:20
15534.961650344769,532.0,2022-05-21 22:37:23
14447.586966357647,532.0,2022-05-21 22:37:25
17045.828578978588,532.0,2022-05-21 22:37:27
18068.92025702166,532.0,2022-05-21 22:37:29
15382.614845689337,532.05,2022-05-21 22:37:31
15848.696161390573,532.05,2022-05-21 22:37:34
18183.251251707992,532.0,2022-05-21 22:37:36
17555.26809764075,532.0,2022-05-21 22:37:38
19021.16722623754,532.0,2022-05-21 22:37:40
18441.569919893456,532.0,2022-05-21 22:37:42
17935.917559265494,532.0,2022-05-21 22:37:45
17648.57724913093,532.0,2022-05-21 22:37:47
18719.78160757671,532.0,2022-05-21 22:37:49
16608.183403528892,532.0,2022-05-21 22:37:51
16710.62383583674,531.8,2022-05-21 22:37:53
16623.68241851591,531.95,2022-05-21 22:37:56
17176.332919772405,531.9,2022-05-21 22:37:58
16379.814814365376,531.9,2022-05-21 22:38:00
16379.814814365376,531.9,2022-05-21 22:38:02
16379.814814365376,531.9,2022-05-21 22:38:04
17467.799840854306,531.9,2022-05-21 22:38:07
17177.565881863873,531.9,2022-05-21 22:38:09
17469.03334798079,531.9,2022-05-21 22:38:11
17469.03334798079,531.9,2022-05-21 22:38:13
14042.876163795207,532.2,2022-05-21 22:38:15
17294.754327721,532.15,2022-05-21 22:38:18
17141.802840768647,532.15,2022-05-21 22:38:20
17141.802840768647,532.15,2022-05-21 22:38:22
17164.83594154008,532.15,2022-05-21 22:38:24
15846.3100168529,532.25,2022-05-21 22:38:26
18119.312159372552,532.2,2022-05-21 22:38:28
18293.487137037275,532.25,2022-05-21 22:38:31
18294.04758093734,532.25,2022-05-21 22:38:33
18078.620018762784,532.35,2022-05-21 22:38:35
18091.34130725772,532.35,2022-05-21 22:38:38
18224.775735282128,532.3,2022-05-21 22:38:40
17271.484712656467,532.3,2022-05-21 22:38:42
18191.99186501724,532.25,2022-05-21 22:38:44
14518.953636748985,532.2,2022-05-21 22:38:46
15277.153387960583,532.15,2022-05-21 22:38:49
17637.98380015239,532.1,2022-05-21 22:38:51
16807.785245016246,532.1,2022-05-21 22:38:53
16813.58708120628,532.05,2022-05-21 22:38:55
16813.58708120628,532.05,2022-05-21 22:38:57
17585.48374788772,532.0,2022-05-21 22:39:00
17405.544434473457,532.05,2022-05-21 22:39:02
16846.96711806328,532.0999999999999,2022-05-21 22:39:04
16988.07475366333,532.0999999999999,2022-05-21 22:39:06
16036.707557893778,532.15,2022-05-21 22:39:08
15987.281790794588,532.15,2022-05-21 22:39:10
15986.639745181017,532.15,2022-05-21 22:39:13
15986.102239239653,532.15,2022-05-21 22:39:15
15986.102239239653,532.15,2022-05-21 22:39:17
15986.034600838435,532.15,2022-05-21 22:39:20
17078.31971909341,532.0999999999999,2022-05-21 22:39:22
17842.476378576535,532.05,2022-05-21 22:39:24
16987.816404096557,532.05,2022-05-21 22:39:26
17867.504217085505,532.05,2022-05-21 22:39:28
17867.504217085505,532.05,2022-05-21 22:39:31
17867.504217085505,532.05,2022-05-21 22:39:33
17867.504217085505,532.05,2022-05-21 22:39:35
17897.78124992988,532.05,2022-05-21 22:39:37
17897.78124992988,532.05,2022-05-21 22:39:39
17897.78124992988,532.05,2022-05-21 22:39:41
17909.93379816722,532.05,2022-05-21 22:39:44
17932.125723603232,532.05,2022-05-21 22:39:46
17932.125723603232,532.05,2022-05-21 22:39:48
18269.305464617762,532.05,2022-05-21 22:39:50
18269.305464617762,532.05,2022-05-21 22:39:52
18269.305464617762,532.05,2022-05-21 22:39:55
16537.698746331665,532.0999999999999,2022-05-21 22:39:57
17005.453921810466,532.15,2022-05-21 22:39:59
17242.667446081283,532.15,2022-05-21 22:40:01
17291.705675691923,532.15,2022-05-21 22:40:03
16180.977827952169,532.15,2022-05-21 22:40:06
16227.8046046402,532.15,2022-05-21 22:40:08
17029.553933806015,532.15,2022-05-21 22:40:10
16174.523530110555,532.15,2022-05-21 22:40:12
16212.359285506967,532.15,2022-05-21 22:40:14
17044.45987671862,532.25,2022-05-21 22:40:16
17021.09154604898,532.25,2022-05-21 22:40:19
17021.09154604898,532.25,2022-05-21 22:40:21
17021.09154604898,532.25,2022-05-21 22:40:23
17021.09154604898,532.25,2022-05-21 22:40:25
15666.501700384733,532.25,2022-05-21 22:40:27
15644.686087937354,532.25,2022-05-21 22:40:30
16031.308536491448,532.25,2022-05-21 22:40:32
16120.720767333434,532.25,2022-05-21 22:40:34
16120.720767333434,532.25,2022-05-21 22:40:36
16072.892345385837,532.25,2022-05-21 22:40:38
16072.892345385837,532.25,2022-05-21 22:40:41
16072.892345385837,532.25,2022-05-21 22:40:43
16339.766186134857,532.25,2022-05-21 22:40:45
14496.91665424445,532.2,2022-05-21 22:40:47
14496.91665424445,532.2,2022-05-21 22:40:49
14497.422475617737,532.2,2022-05-21 22:40:52
14494.070251299483,532.2,2022-05-21 22:40:54
14626.369497475156,532.25,2022-05-21 22:40:56
14626.028101936898,532.25,2022-05-21 22:40:58
14626.028101936898,532.25,2022-05-21 22:41:00
14578.500041624453,532.45,2022-05-21 22:41:03
14578.500041624453,532.45,2022-05-21 22:41:05
18239.60299633806,532.4,2022-05-21 22:41:07
18239.60299633806,532.4,2022-05-21 22:41:09
18239.60299633806,532.4,2022-05-21 22:41:12
18279.505276076026,532.4,2022-05-21 22:41:14
18279.505276076026,532.4,2022-05-21 22:41:16
18279.505276076026,532.4,2022-05-21 22:41:18
18279.505276076026,532.4,2022-05-21 22:41:20
17992.774192049612,532.35,2022-05-21 22:41:23
16422.643527681335,532.35,2022-05-21 22:41:25
16986.923107740007,532.35,2022-05-21 22:41:27
15808.256327011788,532.35,2022-05-21 22:41:29
15808.256327011788,532.35,2022-05-21 22:41:31
15606.930781070747,532.35,2022-05-21 22:41:33
15606.930781070747,532.35,2022-05-21 22:41:36
14830.159436805961,532.3,2022-05-21 22:41:38
14830.908754462454,532.3,2022-05-21 22:41:40
14830.908754462454,532.3,2022-05-21 22:41:42
13754.471005589276,532.3,2022-05-21 22:41:44
13754.471005589276,532.3,2022-05-21 22:41:47
13754.471005589276,532.3,2022-05-21 22:41:49
13754.471005589276,532.3,2022-05-21 22:41:51
13754.471005589276,532.3,2022-05-21 22:41:53
13754.471005589276,532.3,2022-05-21 22:41:55
13754.471005589276,532.3,2022-05-21 22:41:58
13754.471005589276,532.3,2022-05-21 22:42:00
14553.766742463311,532.15,2022-05-21 22:42:02
14474.33485954704,532.15,2022-05-21 22:42:04
14728.053921618834,532.15,2022-05-21 22:42:06
16166.202304213102,532.15,2022-05-21 22:42:09
17368.522439428103,532.4,2022-05-21 22:42:11
17529.308092354033,532.4,2022-05-21 22:42:13
18080.5904292042,532.4,2022-05-21 22:42:15
18090.291511300315,532.4,2022-05-21 22:42:18
18080.5904292042,532.4,2022-05-21 22:42:20
18217.99945494276,532.45,2022-05-21 22:42:22
18339.829850101072,532.45,2022-05-21 22:42:24
18339.829850101072,532.45,2022-05-21 22:42:26
19217.959315053642,532.45,2022-05-21 22:42:28
19217.959315053642,532.45,2022-05-21 22:42:31
19218.010360269054,532.45,2022-05-21 22:42:33
19216.798898479952,532.45,2022-05-21 22:42:35
19216.798898479952,532.45,2022-05-21 22:42:37
19216.798898479952,532.45,2022-05-21 22:42:39
18989.648052652854,532.5,2022-05-21 22:42:42
19015.528202135538,532.5,2022-05-21 22:42:44
14736.173399397023,532.5999999999999,2022-05-21 22:42:46
14736.173399397023,532.5999999999999,2022-05-21 22:42:48
14841.177676317966,532.5,2022-05-21 22:42:50
17746.788851441666,532.4,2022-05-21 22:42:53
16849.90860946015,532.35,2022-05-21 22:42:55
16899.17620170065,532.35,2022-05-21 22:42:57
17615.19711975357,532.35,2022-05-21 22:42:59
17615.19711975357,532.35,2022-05-21 22:43:01
17615.06962648571,532.35,2022-05-21 22:43:04
17601.11931328939,532.35,2022-05-21 22:43:06
17601.031425281482,532.35,2022-05-21 22:43:08
17601.031425281482,532.35,2022-05-21 22:43:10
13895.529042858674,532.4000000000001,2022-05-21 22:43:12
13895.428523174862,532.4000000000001,2022-05-21 22:43:15
13895.428523174862,532.4000000000001,2022-05-21 22:43:17
13895.428523174862,532.4000000000001,2022-05-21 22:43:19
13903.721134519354,532.4000000000001,2022-05-21 22:43:21
13965.550516079014,532.4000000000001,2022-05-21 22:43:23
13965.550516079014,532.4000000000001,2022-05-21 22:43:26
13962.785325374882,532.4000000000001,2022-05-21 22:43:28
13964.169119926446,532.4000000000001,2022-05-21 22:43:30
13964.4032654921,532.4000000000001,2022-05-21 22:43:32
13921.806188940807,532.4000000000001,2022-05-21 22:43:35
16666.62997003546,532.15,2022-05-21 22:43:37
16666.62997003546,532.15,2022-05-21 22:43:39
16520.672754143365,532.25,2022-05-21 22:43:41
16826.55059948433,532.3,2022-05-21 22:43:43
17756.72612534893,532.3,2022-05-21 22:43:46
18906.008395509074,532.3,2022-05-21 22:43:48
19522.36953889038,532.3,2022-05-21 22:43:50
18672.511242228826,532.35,2022-05-21 22:43:52
19628.878996218962,532.35,2022-05-21 22:43:55
19735.15816929792,532.35,2022-05-21 22:43:57
19447.149966627014,532.35,2022-05-21 22:43:59
19447.149966627014,532.35,2022-05-21 22:44:01
19447.424857151873,532.35,2022-05-21 22:44:04
17071.13665302128,532.4000000000001,2022-05-21 22:44:06
18026.98706507252,532.4000000000001,2022-05-21 22:44:08
18026.186864685114,532.4000000000001,2022-05-21 22:44:10
18026.186864685114,532.4000000000001,2022-05-21 22:44:12
18026.200503145144,532.4000000000001,2022-05-21 22:44:15
19931.944151088406,532.35,2022-05-21 22:44:17
19921.229539754706,532.3,2022-05-21 22:44:19
19921.229539754706,532.3,2022-05-21 22:44:21
19923.0548111293,532.3,2022-05-21 22:44:23
18963.31511878888,532.3,2022-05-21 22:44:26
20684.462800430996,532.3,2022-05-21 22:44:28
20684.462800430996,532.3,2022-05-21 22:44:30
20684.462800430996,532.3,2022-05-21 22:44:32
20684.462800430996,532.3,2022-05-21 22:44:34
20688.118831903746,532.3,2022-05-21 22:44:37
20816.488681242732,532.3,2022-05-21 22:44:39
20816.488681242732,532.3,2022-05-21 22:44:41
20791.153493096648,532.25,2022-05-21 22:44:43
20791.153493096648,532.25,2022-05-21 22:44:45
20595.95222974815,532.25,2022-05-21 22:44:48
20566.032794784143,532.25,2022-05-21 22:44:50
20566.032794784143,532.25,2022-05-21 22:44:52
20678.135021528993,532.25,2022-05-21 22:44:54
20678.135021528993,532.25,2022-05-21 22:44:56
20671.27545668633,532.25,2022-05-21 22:44:59
20697.65982226885,532.25,2022-05-21 22:45:01
20697.65982226885,532.25,2022-05-21 22:45:03
20702.071186439072,532.3,2022-05-21 22:45:05
20702.071186439072,532.3,2022-05-21 22:45:07
20765.08719462854,532.3,2022-05-21 22:45:10
20765.08719462854,532.3,2022-05-21 22:45:12
17845.526767756055,532.35,2022-05-21 22:45:14
17844.894749894345,532.35,2022-05-21 22:45:16
17842.619691944037,532.35,2022-05-21 22:45:18
17842.619691944037,532.35,2022-05-21 22:45:21
17842.619691944037,532.35,2022-05-21 22:45:23
17836.22207925852,532.35,2022-05-21 22:45:25
17836.22207925852,532.35,2022-05-21 22:45:27
20743.26547100366,532.25,2022-05-21 22:45:29
20801.336953814876,532.35,2022-05-21 22:45:32
19197.52485324401,532.15,2022-05-21 22:45:34
18081.166392518844,532.15,2022-05-21 22:45:36
18634.117302406667,532.2,2022-05-21 22:45:38
18634.117302406667,532.2,2022-05-21 22:45:40
18634.117302406667,532.2,2022-05-21 22:45:43
19792.39437254509,532.2,2022-05-21 22:45:45
20227.398858943252,532.2,2022-05-21 22:45:47
19237.778744475592,532.2,2022-05-21 22:45:49
19791.220287570934,532.2,2022-05-21 22:45:51
20393.6399956672,532.2,2022-05-21 22:45:54
20401.067639601133,532.25,2022-05-21 22:45:56
20500.060071663836,532.25,2022-05-21 22:45:58
20500.060071663836,532.25,2022-05-21 22:46:00
20518.844790043582,532.3,2022-05-21 22:46:02
20081.031832282515,532.3,2022-05-21 22:46:05
20081.131268702156,532.3,2022-05-21 22:46:07
20081.131268702156,532.3,2022-05-21 22:46:09
20081.131268702156,532.3,2022-05-21 22:46:11
20081.131268702156,532.3,2022-05-21 22:46:13
20081.131268702156,532.3,2022-05-21 22:46:16
20081.131268702156,532.3,2022-05-21 22:46:18
20087.467827559336,532.3,2022-05-21 22:46:20
20087.40753534649,532.3,2022-05-21 22:46:22
19925.156474171265,532.3,2022-05-21 22:46:24
19925.156369534478,532.3,2022-05-21 22:46:27
19925.156369534478,532.3,2022-05-21 22:46:29
19925.156369534478,532.3,2022-05-21 22:46:31
19925.156369534478,532.3,2022-05-21 22:46:33
19925.156369534478,532.3,2022-05-21 22:46:35
19373.817109369225,532.25,2022-05-21 22:46:38
19373.817109369225,532.25,2022-05-21 22:46:40
19805.151364506284,532.25,2022-05-21 22:46:42
17252.218026400227,532.2,2022-05-21 22:46:44
16300.144650355214,532.2,2022-05-21 22:46:46
20071.224546949397,532.2,2022-05-21 22:46:49
19674.253805763125,532.2,2022-05-21 22:46:51
20111.992339648306,532.25,2022-05-21 22:46:53
20172.11388380984,532.25,2022-05-21 22:46:55
20163.526827966874,532.25,2022-05-21 22:46:57
20163.526827966874,532.25,2022-05-21 22:47:00
20165.92676327455,532.25,2022-05-21 22:47:02
20165.92676327455,532.25,2022-05-21 22:47:04
20191.026529577222,532.25,2022-05-21 22:47:06
20191.026529577222,532.25,2022-05-21 22:47:08
20179.06636815138,532.25,2022-05-21 22:47:11
20418.17102893348,532.25,2022-05-21 22:47:13
20416.465315919944,532.25,2022-05-21 22:47:15
20436.864493874844,532.3,2022-05-21 22:47:17
20436.864493874844,532.3,2022-05-21 22:47:19
20436.864493874844,532.3,2022-05-21 22:47:22
20436.864493874844,532.3,2022-05-21 22:47:24
20436.864493874844,532.3,2022-05-21 22:47:26
20436.864493874844,532.3,2022-05-21 22:47:28
20436.63193043583,532.3,2022-05-21 22:47:31
20436.63193043583,532.3,2022-05-21 22:47:33
20436.63193043583,532.3,2022-05-21 22:47:35
20424.127642864547,532.3,2022-05-21 22:47:37
20580.866195055678,532.3,2022-05-21 22:47:39
20835.538614504265,532.3,2022-05-21 22:47:41
20835.538614504265,532.3,2022-05-21 22:47:44
20835.538614504265,532.3,2022-05-21 22:47:46
20835.538614504265,532.3,2022-05-21 22:47:48
20835.538614504265,532.3,2022-05-21 22:47:50
20836.595324021862,532.3,2022-05-21 22:47:53
20836.595324021862,532.3,2022-05-21 22:47:55
20836.595324021862,532.3,2022-05-21 22:47:57
20836.595324021862,532.3,2022-05-21 22:48:00
20836.595324021862,532.3,2022-05-21 22:48:02
20852.756939636867,532.3,2022-05-21 22:48:04
20852.756939636867,532.3,2022-05-21 22:48:06
20852.756939636867,532.3,2022-05-21 22:48:08
21026.546852062602,532.3,2022-05-21 22:48:11
21026.563021006652,532.3,2022-05-21 22:48:13
21026.54754073367,532.3,2022-05-21 22:48:15
21026.54754073367,532.3,2022-05-21 22:48:17
20080.093309269487,532.35,2022-05-21 22:48:19
20080.093309269487,532.35,2022-05-21 22:48:22
20052.6296180794,532.3,2022-05-21 22:48:24
20052.6296180794,532.3,2022-05-21 22:48:26
20052.6296180794,532.3,2022-05-21 22:48:28
20052.6296180794,532.3,2022-05-21 22:48:31
20052.6296180794,532.3,2022-05-21 22:48:33
20052.6296180794,532.3,2022-05-21 22:48:35
20512.873845117116,532.3,2022-05-21 22:48:37
19542.654351978937,532.3,2022-05-21 22:48:39
20520.17142612633,532.3,2022-05-21 22:48:42
20052.6296180794,532.3,2022-05-21 22:48:44
17452.41083765057,532.4000000000001,2022-05-21 22:48:46
17452.41083765057,532.4000000000001,2022-05-21 22:48:48
17452.41083765057,532.4000000000001,2022-05-21 22:48:51
17452.41083765057,532.4000000000001,2022-05-21 22:48:53
20742.062796154147,532.35,2022-05-21 22:48:55
20742.062796154147,532.35,2022-05-21 22:48:57
19768.456853050073,532.35,2022-05-21 22:48:59
20052.6296180794,532.3,2022-05-21 22:49:02
21137.576148661516,532.35,2022-05-21 22:49:04
21137.576148661516,532.35,2022-05-21 22:49:06
20052.6296180794,532.3,2022-05-21 22:49:08
21111.078447041276,532.3,2022-05-21 22:49:10
21111.078447041276,532.3,2022-05-21 22:49:13
21111.078447041276,532.3,2022-05-21 22:49:15
19568.814266853165,532.3,2022-05-21 22:49:17
19568.814266853165,532.3,2022-05-21 22:49:19
20552.0749689519,532.3,2022-05-21 22:49:22
20539.18238625937,532.3,2022-05-21 22:49:24
20510.135827367983,532.3,2022-05-21 22:49:26
20481.113052946024,532.3,2022-05-21 22:49:28
20052.6296180794,532.3,2022-05-21 22:49:31
20481.113052946024,532.3,2022-05-21 22:49:33
20481.113052946024,532.3,2022-05-21 22:49:35
20644.427696938183,532.3,2022-05-21 22:49:37
20644.427696938183,532.3,2022-05-21 22:49:39
20644.427696938183,532.3,2022-05-21 22:49:42
20470.548232756075,532.3,2022-05-21 22:49:44
20470.52380636189,532.3,2022-05-21 22:49:46
20470.52380636189,532.3,2022-05-21 22:49:48
20470.52380636189,532.3,2022-05-21 22:49:51
19622.555134025515,532.35,2022-05-21 22:49:53
19622.555134025515,532.35,2022-05-21 22:49:55
19221.771001804173,532.35,2022-05-21 22:49:57
19639.098420283946,532.35,2022-05-21 22:50:00
19639.098420283946,532.35,2022-05-21 22:50:02
19638.96164194426,532.35,2022-05-21 22:50:04
19638.96164194426,532.35,2022-05-21 22:50:06
19638.96164194426,532.35,2022-05-21 22:50:08
18261.7260247997,532.35,2022-05-21 22:50:11
20052.6296180794,532.3,2022-05-21 22:50:13
19639.31837895237,532.35,2022-05-21 22:50:15
20052.6296180794,532.3,2022-05-21 22:50:17
19689.699971956317,532.25,2022-05-21 22:50:19
19689.699971956317,532.25,2022-05-21 22:50:22
19930.521834108597,532.25,2022-05-21 22:50:24
19930.521834108597,532.25,2022-05-21 22:50:26
19930.521834108597,532.25,2022-05-21 22:50:28
19951.546268387974,532.3,2022-05-21 22:50:31
20052.6296180794,532.3,2022-05-21 22:50:33
20206.104298734426,532.3,2022-05-21 22:50:35
20206.104298734426,532.3,2022-05-21 22:50:37
20206.05602367751,532.3,2022-05-21 22:50:40
20206.05602367751,532.3,2022-05-21 22:50:42
20206.05602367751,532.3,2022-05-21 22:50:44
20205.998542207508,532.3,2022-05-21 22:50:46
20052.6296180794,532.3,2022-05-21 22:50:49
20205.998542207508,532.3,2022-05-21 22:50:51
20205.998542207508,532.3,2022-05-21 22:50:53
20205.998542207508,532.3,2022-05-21 22:50:55
20205.998542207508,532.3,2022-05-21 22:50:57
20205.998542207508,532.3,2022-05-21 22:51:00
20179.631659634728,532.3,2022-05-21 22:51:02
20179.631659634728,532.3,2022-05-21 22:51:04
20179.631659634728,532.3,2022-05-21 22:51:06
20052.6296180794,532.3,2022-05-21 22:51:09
20181.040566900418,532.3,2022-05-21 22:51:11
20181.040566900418,532.3,2022-05-21 22:51:13
20181.040566900418,532.3,2022-05-21 22:51:15
20320.619976262096,532.3,2022-05-21 22:51:18
20320.5195290947,532.3,2022-05-21 22:51:20
20320.5195290947,532.3,2022-05-21 22:51:22
20316.454992843777,532.3,2022-05-21 22:51:24
20316.403585405118,532.3,2022-05-21 22:51:27
20511.790070694,532.3,2022-05-21 22:51:29
20937.802908131478,532.3,2022-05-21 22:51:31
20805.666896225655,532.35,2022-05-21 22:51:33
20806.049754257543,532.35,2022-05-21 22:51:36
21024.937859514335,532.35,2022-05-21 22:51:38
21555.672415790556,532.3,2022-05-21 22:51:40
21555.672415790556,532.3,2022-05-21 22:51:42
21761.250222507057,532.3,2022-05-21 22:51:44
21651.84789384821,532.3,2022-05-21 22:51:47
21651.84789384821,532.3,2022-05-21 22:51:49
21651.84789384821,532.3,2022-05-21 22:51:51
21713.005107911016,532.3,2022-05-21 22:51:53
21713.005107911016,532.3,2022-05-21 22:51:55
20515.359066692425,532.3,2022-05-21 22:51:58
21431.894177056958,532.3,2022-05-21 22:52:00
21431.894177056958,532.3,2022-05-21 22:52:02
21431.894177056958,532.3,2022-05-21 22:52:05
21431.894177056958,532.3,2022-05-21 22:52:07
21832.386405143403,532.35,2022-05-21 22:52:09
20957.403341301117,532.35,2022-05-21 22:52:11
21874.130229712115,532.35,2022-05-21 22:52:13
21881.15938608612,532.35,2022-05-21 22:52:16
19380.99778490894,532.2,2022-05-21 22:52:18
18939.37391444859,532.2,2022-05-21 22:52:20
20081.88248485209,532.2,2022-05-21 22:52:23
20111.449440824024,532.3,2022-05-21 22:52:25
20371.265055368596,532.3,2022-05-21 22:52:27
20371.265055368596,532.3,2022-05-21 22:52:29
20371.265055368596,532.3,2022-05-21 22:52:31
20371.265055368596,532.3,2022-05-21 22:52:34
20353.215566775845,532.3,2022-05-21 22:52:36
20178.780213153983,532.3,2022-05-21 22:52:38
20353.215566775845,532.3,2022-05-21 22:52:40
20355.84259715537,532.3,2022-05-21 22:52:43
20355.84259715537,532.3,2022-05-21 22:52:45
20355.84259715537,532.3,2022-05-21 22:52:47
20181.407102602956,532.3,2022-05-21 22:52:49
20355.84259715537,532.3,2022-05-21 22:52:51
20445.85936684652,532.3,2022-05-21 22:52:54
20353.215566775845,532.3,2022-05-21 22:52:56
20355.69300259944,532.3,2022-05-21 22:52:58
20355.69300259944,532.3,2022-05-21 22:53:00
20374.68584995249,532.3,2022-05-21 22:53:03
20374.30095138916,532.3,2022-05-21 22:53:05
20374.30095138916,532.3,2022-05-21 22:53:07
20374.30095138916,532.3,2022-05-21 22:53:09
19337.963755437107,532.2,2022-05-21 22:53:12
20052.6296180794,532.3,2022-05-21 22:53:14
19343.465657693545,532.2,2022-05-21 22:53:16
19343.465657693545,532.2,2022-05-21 22:53:18
15158.018439303905,532.2,2022-05-21 22:53:21
20052.6296180794,532.3,2022-05-21 22:53:23
15749.375822948115,532.2,2022-05-21 22:53:25
15749.375822948115,532.2,2022-05-21 22:53:27
20353.215566775845,532.3,2022-05-21 22:53:29
16430.708557539787,531.9000000000001,2022-05-21 22:53:32
20353.215566775845,532.3,2022-05-21 22:53:34
20353.215566775845,532.3,2022-05-21 22:53:36
14525.10902069166,531.55,2022-05-21 22:53:38
20353.215566775845,532.3,2022-05-21 22:53:41
12448.458902652756,531.7,2022-05-21 22:53:43
20353.215566775845,532.3,2022-05-21 22:53:45
12880.999346872148,531.65,2022-05-21 22:53:47
20052.6296180794,532.3,2022-05-21 22:53:50
12818.752173689181,531.55,2022-05-21 22:53:52
12818.752173689181,531.55,2022-05-21 22:53:54
20353.215566775845,532.3,2022-05-21 22:53:57
12987.08270309908,531.55,2022-05-21 22:53:59
20052.6296180794,532.3,2022-05-21 22:54:01
20353.215566775845,532.3,2022-05-21 22:54:03
20052.6296180794,532.3,2022-05-21 22:54:05
20353.215566775845,532.3,2022-05-21 22:54:08
19913.39871752578,531.9,2022-05-21 22:54:10
19913.39871752578,531.9,2022-05-21 22:54:12
20052.6296180794,532.3,2022-05-21 22:54:14
19980.427857707953,531.85,2022-05-21 22:54:16
20353.215566775845,532.3,2022-05-21 22:54:19
19900.437032445636,531.85,2022-05-21 22:54:21
19900.437032445636,531.85,2022-05-21 22:54:23
19900.437032445636,531.85,2022-05-21 22:54:25
19900.89929973237,531.85,2022-05-21 22:54:28
20353.215566775845,532.3,2022-05-21 22:54:30
19900.89929973237,531.85,2022-05-21 22:54:32
19900.89929973237,531.85,2022-05-21 22:54:34
19900.89929973237,531.85,2022-05-21 22:54:37
19900.89929973237,531.85,2022-05-21 22:54:39
19900.89929973237,531.85,2022-05-21 22:54:41
19900.89929973237,531.85,2022-05-21 22:54:43
20052.6296180794,532.3,2022-05-21 22:54:45
18345.153362127097,531.85,2022-05-21 22:54:48
18345.153362127097,531.85,2022-05-21 22:54:50
18345.153362127097,531.85,2022-05-21 22:54:52
18345.153362127097,531.85,2022-05-21 22:54:54
20052.6296180794,532.3,2022-05-21 22:54:57
18345.10104641912,531.85,2022-05-21 22:54:59
18345.10104641912,531.85,2022-05-21 22:55:01
20052.6296180794,532.3,2022-05-21 22:55:03
20052.6296180794,532.3,2022-05-21 22:55:06
19282.982642711657,532.05,2022-05-21 22:55:08
19792.141914150376,532.1,2022-05-21 22:55:10
19823.098686505087,532.1,2022-05-21 22:55:12
20353.215566775845,532.3,2022-05-21 22:55:15
19828.663535473246,532.1,2022-05-21 22:55:17
19828.419908776625,532.1,2022-05-21 22:55:19
20052.6296180794,532.3,2022-05-21 22:55:21
19828.38207991796,532.1,2022-05-21 22:55:23
19828.38207991796,532.1,2022-05-21 22:55:26
20353.215566775845,532.3,2022-05-21 22:55:28
20353.215566775845,532.3,2022-05-21 22:55:30
20353.215566775845,532.3,2022-05-21 22:55:32
19840.70693056472,532.1,2022-05-21 22:55:35
19840.70693056472,532.1,2022-05-21 22:55:37
20052.6296180794,532.3,2022-05-21 22:55:39
19889.225663301015,532.1,2022-05-21 22:55:41
19879.704540181574,532.1,2022-05-21 22:55:43
19876.923846659607,532.1,2022-05-21 22:55:46
19879.704540181574,532.1,2022-05-21 22:55:48
19879.704540181574,532.1,2022-05-21 22:55:50
20052.6296180794,532.3,2022-05-21 22:55:52
20052.6296180794,532.3,2022-05-21 22:55:55
19540.975047098054,532.1,2022-05-21 22:55:57
15193.262573755921,532.15,2022-05-21 22:55:59
17831.99956158976,532.15,2022-05-21 22:56:01
20353.215566775845,532.3,2022-05-21 22:56:04
18761.85964297235,532.15,2022-05-21 22:56:06
18761.85964297235,532.15,2022-05-21 22:56:08
18764.895452886387,532.15,2022-05-21 22:56:10
18764.504099511345,532.15,2022-05-21 22:56:13
17224.52873122845,532.15,2022-05-21 22:56:15
20052.6296180794,532.3,2022-05-21 22:56:17
20052.6296180794,532.3,2022-05-21 22:56:19
15386.39791535237,531.95,2022-05-21 22:56:22
17041.22838105061,531.9000000000001,2022-05-21 22:56:24
13474.085169289472,532.0,2022-05-21 22:56:26
20323.53228520556,531.9,2022-05-21 22:56:29
20322.678188195798,531.9,2022-05-21 22:56:31
20322.678188195798,531.9,2022-05-21 22:56:33
20322.678188195798,531.9,2022-05-21 22:56:35
20322.609040840292,531.9,2022-05-21 22:56:38
20326.5293885393,531.9,2022-05-21 22:56:40
20326.5293885393,531.9,2022-05-21 22:56:42
20353.215566775845,532.3,2022-05-21 22:56:44
20322.547089653057,531.9,2022-05-21 22:56:47
20322.547089653057,531.9,2022-05-21 22:56:49
19986.849563575506,531.95,2022-05-21 22:56:51
19986.895531911538,531.95,2022-05-21 22:56:53
19986.895531911538,531.95,2022-05-21 22:56:55
20034.89482358558,531.95,2022-05-21 22:56:58
20034.89482358558,531.95,2022-05-21 22:57:00
20353.215566775845,532.3,2022-05-21 22:57:02
20353.215566775845,532.3,2022-05-21 22:57:04
17232.322482637326,531.9000000000001,2022-05-21 22:57:07
17232.322482637326,531.9000000000001,2022-05-21 22:57:09
17232.322482637326,531.9000000000001,2022-05-21 22:57:11
17232.322482637326,531.9000000000001,2022-05-21 22:57:13
17232.322482637326,531.9000000000001,2022-05-21 22:57:15
17236.073179968727,531.9000000000001,2022-05-21 22:57:18
17236.073179968727,531.9000000000001,2022-05-21 22:57:20
20353.215566775845,532.3,2022-05-21 22:57:22
17236.073179968727,531.9000000000001,2022-05-21 22:57:25
17237.944993035086,531.9000000000001,2022-05-21 22:57:27
17237.944993035086,531.9000000000001,2022-05-21 22:57:29
17237.944993035086,531.9000000000001,2022-05-21 22:57:31
17235.61012901306,531.9000000000001,2022-05-21 22:57:33
17226.561970500894,531.9000000000001,2022-05-21 22:57:36
17234.35473136598,531.9000000000001,2022-05-21 22:57:38
19810.96314100957,531.95,2022-05-21 22:57:40
19760.810760655888,531.95,2022-05-21 22:57:42
20052.6296180794,532.3,2022-05-21 22:57:45
20341.42571851614,531.95,2022-05-21 22:57:47
19535.263955231057,531.9000000000001,2022-05-21 22:57:49
19435.287310052197,531.9000000000001,2022-05-21 22:57:51
19437.678974831233,531.9000000000001,2022-05-21 22:57:53
20052.6296180794,532.3,2022-05-21 22:57:56
19440.336569713298,531.9000000000001,2022-05-21 22:57:58
19439.529365784336,531.9000000000001,2022-05-21 22:58:00
19104.966160236643,531.9000000000001,2022-05-21 22:58:02
19105.77213453504,531.9000000000001,2022-05-21 22:58:04
20353.215566775845,532.3,2022-05-21 22:58:07
20052.6296180794,532.3,2022-05-21 22:58:09
19457.962516477455,531.9000000000001,2022-05-21 22:58:11
19458.175070588357,531.9000000000001,2022-05-21 22:58:13
18578.782708699364,531.85,2022-05-21 22:58:15
20353.215566775845,532.3,2022-05-21 22:58:17
20052.6296180794,532.3,2022-05-21 22:58:20
20452.20760496851,531.75,2022-05-21 22:58:22
20052.6296180794,532.3,2022-05-21 22:58:24
20469.21458176692,531.85,2022-05-21 22:58:26
20052.6296180794,532.3,2022-05-21 22:58:29
20353.215566775845,532.3,2022-05-21 22:58:31
20460.990485039812,531.85,2022-05-21 22:58:33
20460.990485039812,531.85,2022-05-21 22:58:35
20412.39149609296,531.85,2022-05-21 22:58:37
17287.615223717705,531.9000000000001,2022-05-21 22:58:40
17224.796408368744,531.9000000000001,2022-05-21 22:58:42
20353.215566775845,532.3,2022-05-21 22:58:44
17332.469510091978,531.9000000000001,2022-05-21 22:58:46
17331.038736766935,531.9000000000001,2022-05-21 22:58:49
20052.6296180794,532.3,2022-05-21 22:58:51
19949.668580679536,531.75,2022-05-21 22:58:53
20353.215566775845,532.3,2022-05-21 22:58:55
20353.215566775845,532.3,2022-05-21 22:58:57
20052.6296180794,532.3,2022-05-21 22:59:00
20052.6296180794,532.3,2022-05-21 22:59:02
20052.6296180794,532.3,2022-05-21 22:59:04
19030.31740239593,531.75,2022-05-21 22:59:06
18823.832821071766,531.75,2022-05-21 22:59:09
18823.832821071766,531.75,2022-05-21 22:59:11
18823.832821071766,531.75,2022-05-21 22:59:13
18823.832821071766,531.75,2022-05-21 22:59:15
18823.832821071766,531.75,2022-05-21 22:59:18
18823.832821071766,531.75,2022-05-21 22:59:20
20353.215566775845,532.3,2022-05-21 22:59:22
18691.009185779785,531.75,2022-05-21 22:59:24
18692.724143377996,531.75,2022-05-21 22:59:26
18692.308191005406,531.75,2022-05-21 22:59:29
18692.308191005406,531.75,2022-05-21 22:59:31
18692.308191005406,531.75,2022-05-21 22:59:33
20353.215566775845,532.3,2022-05-21 22:59:35
18646.535931486556,531.75,2022-05-21 22:59:37
18688.56241632877,531.75,2022-05-21 22:59:40
18692.351500613582,531.75,2022-05-21 22:59:42
20052.6296180794,532.3,2022-05-21 22:59:44
18692.351500613582,531.75,2022-05-21 22:59:46
18692.351500613582,531.75,2022-05-21 22:59:49
18654.714147407914,531.75,2022-05-21 22:59:51
20353.215566775845,532.3,2022-05-21 22:59:53
20353.215566775845,532.3,2022-05-21 22:59:55
18654.714147407914,531.75,2022-05-21 22:59:57
20353.215566775845,532.3,2022-05-21 23:00:00
18654.703227793634,531.75,2022-05-21 23:00:02
18654.703139340614,531.75,2022-05-21 23:00:04
18726.41826417821,531.75,2022-05-21 23:00:06
19845.257155506046,531.75,2022-05-21 23:00:09
19846.007691518826,531.75,2022-05-21 23:00:11
19846.007691518826,531.75,2022-05-21 23:00:13
18972.664719528828,531.95,2022-05-21 23:00:15
19823.919693154166,531.95,2022-05-21 23:00:18
19826.22909120888,531.95,2022-05-21 23:00:20
20353.215566775845,532.3,2022-05-21 23:00:22
22192.60951549693,531.95,2022-05-21 23:00:24
20353.215566775845,532.3,2022-05-21 23:00:27
20194.696000374777,531.95,2022-05-21 23:00:29
20194.696000374777,531.95,2022-05-21 23:00:31
20353.215566775845,532.3,2022-05-21 23:00:33
20483.44994479148,531.95,2022-05-21 23:00:35
20353.215566775845,532.3,2022-05-21 23:00:38
20566.347354390808,531.95,2022-05-21 23:00:40
20353.215566775845,532.3,2022-05-21 23:00:42
20566.607454473273,531.95,2022-05-21 23:00:44
20566.607454473273,531.95,2022-05-21 23:00:47
19814.04759851235,532.0,2022-05-21 23:00:49
19814.04759851235,532.0,2022-05-21 23:00:51
19819.649235032095,532.0,2022-05-21 23:00:53
19814.167728917157,532.0,2022-05-21 23:00:55
19814.167728917157,532.0,2022-05-21 23:00:58
20363.561243565404,532.0,2022-05-21 23:01:00
18050.09813364242,532.0,2022-05-21 23:01:02
18420.257579948975,532.0,2022-05-21 23:01:04
18424.74005550455,532.0,2022-05-21 23:01:07
18424.319252614754,532.0,2022-05-21 23:01:09
18405.64528478275,532.0,2022-05-21 23:01:11
20353.215566775845,532.3,2022-05-21 23:01:14
20353.215566775845,532.3,2022-05-21 23:01:16
20353.215566775845,532.3,2022-05-21 23:01:18
20353.215566775845,532.3,2022-05-21 23:01:20
20353.215566775845,532.3,2022-05-21 23:01:22
18322.1572729026,532.0,2022-05-21 23:01:25
18322.1572729026,532.0,2022-05-21 23:01:27
20613.618138703514,532.0,2022-05-21 23:01:29
20353.215566775845,532.3,2022-05-21 23:01:31
21057.49915604788,532.0,2022-05-21 23:01:34
21057.49915604788,532.0,2022-05-21 23:01:36
21063.210406148613,532.0,2022-05-21 23:01:38
20422.257703155858,532.0,2022-05-21 23:01:40
21229.282857190563,532.0,2022-05-21 23:01:43
21214.671804852227,532.0,2022-05-21 23:01:45
20353.215566775845,532.3,2022-05-21 23:01:47
19993.14412952301,532.0,2022-05-21 23:01:49
19983.47476343476,532.0,2022-05-21 23:01:51
19992.310943351204,532.0,2022-05-21 23:01:54
20353.215566775845,532.3,2022-05-21 23:01:56
19982.576683163636,532.0,2022-05-21 23:01:58
20353.215566775845,532.3,2022-05-21 23:02:00
19992.20223427074,532.0,2022-05-21 23:02:03
19992.20223427074,532.0,2022-05-21 23:02:05
20590.651780707747,531.9000000000001,2022-05-21 23:02:07
20380.662968200082,531.9000000000001,2022-05-21 23:02:09
20380.662968200082,531.9000000000001,2022-05-21 23:02:12
20380.447821824782,531.9000000000001,2022-05-21 23:02:14
20353.215566775845,532.3,2022-05-21 23:02:16
20353.215566775845,532.3,2022-05-21 23:02:18
18297.060713847433,531.9000000000001,2022-05-21 23:02:21
19470.2978549454,531.8,2022-05-21 23:02:23
19469.20570669946,531.8,2022-05-21 23:02:25
19470.576221786854,531.8,2022-05-21 23:02:27
19469.534977976055,531.8,2022-05-21 23:02:29
19017.712914139778,531.8,2022-05-21 23:02:32
18969.910702308254,531.8,2022-05-21 23:02:34
20440.76110971047,531.8,2022-05-21 23:02:36
20034.784456045625,531.8,2022-05-21 23:02:39
20038.065485920644,531.8,2022-05-21 23:02:41
20353.215566775845,532.3,2022-05-21 23:02:43
20038.065485920644,531.8,2022-05-21 23:02:45
20038.065485920644,531.8,2022-05-21 23:02:47
20353.215566775845,532.3,2022-05-21 23:02:50
20038.065485920644,531.8,2022-05-21 23:02:52
20042.13518662182,531.85,2022-05-21 23:02:54
20353.215566775845,532.3,2022-05-21 23:02:57
19855.364461348276,531.8,2022-05-21 23:02:59
19397.650799793904,532.0,2022-05-21 23:03:01
18033.89124855304,532.0,2022-05-21 23:03:04
18767.829383826105,532.05,2022-05-21 23:03:06
20331.99684457995,532.05,2022-05-21 23:03:08
21274.095519302507,532.05,2022-05-21 23:03:10
19460.90936314568,532.2,2022-05-21 23:03:12
20470.629001279485,532.15,2022-05-21 23:03:15
20470.629001279485,532.15,2022-05-21 23:03:17
20218.590525631644,532.15,2022-05-21 23:03:19
21743.761011183706,532.15,2022-05-21 23:03:22
20353.215566775845,532.3,2022-05-21 23:03:24
21743.987925670917,532.15,2022-05-21 23:03:26
19809.666885641967,532.15,2022-05-21 23:03:28
20108.844997566866,532.15,2022-05-21 23:03:31
20320.875042011416,532.15,2022-05-21 23:03:33
20108.78909572572,532.15,2022-05-21 23:03:35
20119.67400898824,532.15,2022-05-21 23:03:37
20119.67400898824,532.15,2022-05-21 23:03:40
20119.67400898824,532.15,2022-05-21 23:03:42
19389.894136866464,532.15,2022-05-21 23:03:44
19389.894136866464,532.15,2022-05-21 23:03:46
19563.406260337506,532.15,2022-05-21 23:03:49
20353.215566775845,532.3,2022-05-21 23:03:51
19389.894136866464,532.15,2022-05-21 23:03:53
19563.406260337506,532.15,2022-05-21 23:03:55
19389.894136866464,532.15,2022-05-21 23:03:57
20353.215566775845,532.3,2022-05-21 23:04:00
19564.186893003913,532.15,2022-05-21 23:04:02
19564.186893003913,532.15,2022-05-21 23:04:04
19356.974094405083,532.15,2022-05-21 23:04:06
19356.974094405083,532.15,2022-05-21 23:04:09
19356.974094405083,532.15,2022-05-21 23:04:11
19356.974094405083,532.15,2022-05-21 23:04:13
20353.215566775845,532.3,2022-05-21 23:04:15
20353.215566775845,532.3,2022-05-21 23:04:18
20269.58510132226,532.15,2022-05-21 23:04:20
20269.58510132226,532.15,2022-05-21 23:04:22
19955.404211692698,532.15,2022-05-21 23:04:24
19756.76102936593,532.15,2022-05-21 23:04:27
20762.441213972732,532.15,2022-05-21 23:04:29
20929.424691833407,532.15,2022-05-21 23:04:31
20933.72016048073,532.15,2022-05-21 23:04:33
20964.954583198258,532.15,2022-05-21 23:04:36
20964.954583198258,532.15,2022-05-21 23:04:38
21446.567067336262,532.2,2022-05-21 23:04:40
21621.23055978016,532.2,2022-05-21 23:04:42
19151.904016270848,532.35,2022-05-21 23:04:44
21133.14302053465,532.35,2022-05-21 23:04:47
19185.241026243497,532.35,2022-05-21 23:04:49
19185.241026243497,532.35,2022-05-21 23:04:51
19185.241026243497,532.35,2022-05-21 23:04:53
20353.215566775845,532.3,2022-05-21 23:04:56
19410.10886575208,532.35,2022-05-21 23:04:58
19410.10886575208,532.35,2022-05-21 23:05:00
20353.215566775845,532.3,2022-05-21 23:05:02
19409.601642281268,532.35,2022-05-21 23:05:05
19409.601642281268,532.35,2022-05-21 23:05:07
19301.448048970018,532.35,2022-05-21 23:05:09
19301.22623350797,532.35,2022-05-21 23:05:11
20353.215566775845,532.3,2022-05-21 23:05:14
19301.201275589527,532.35,2022-05-21 23:05:16
19301.201275589527,532.35,2022-05-21 23:05:18
19310.403500234654,532.35,2022-05-21 23:05:21
19310.241842276853,532.35,2022-05-21 23:05:23
19310.241842276853,532.35,2022-05-21 23:05:25
19310.241842276853,532.35,2022-05-21 23:05:27
20230.572031978118,532.3,2022-05-21 23:05:30
18955.40664564072,532.3,2022-05-21 23:05:32
20353.215566775845,532.3,2022-05-21 23:05:34
18856.74940500745,532.3,2022-05-21 23:05:36
18856.74940500745,532.3,2022-05-21 23:05:39
18856.74940500745,532.3,2022-05-21 23:05:41
18856.74940500745,532.3,2022-05-21 23:05:43
18856.095142189202,532.3,2022-05-21 23:05:45
15821.393686206662,532.4000000000001,2022-05-21 23:05:48
18478.641779752485,532.65,2022-05-21 23:05:50
16021.288002611103,532.5999999999999,2022-05-21 23:05:52
20353.215566775845,532.3,2022-05-21 23:05:54
17450.570131772653,532.5999999999999,2022-05-21 23:05:57
17450.75073050964,532.5999999999999,2022-05-21 23:05:59
17074.85830051952,532.5999999999999,2022-05-21 23:06:01
20353.215566775845,532.3,2022-05-21 23:06:03
19987.54742567738,532.55,2022-05-21 23:06:06
19984.069715516678,532.55,2022-05-21 23:06:08
19984.069715516678,532.55,2022-05-21 23:06:10
19984.069715516678,532.55,2022-05-21 23:06:12
19984.069715516678,532.55,2022-05-21 23:06:15
19984.069715516678,532.55,2022-05-21 23:06:17
19984.069715516678,532.55,2022-05-21 23:06:19
17049.331523609035,532.4000000000001,2022-05-21 23:06:21
16762.683456358285,532.5,2022-05-21 23:06:23
16775.764932163802,532.5,2022-05-21 23:06:26
15880.671612277545,532.5999999999999,2022-05-21 23:06:28
17684.035977024592,532.5999999999999,2022-05-21 23:06:30
17683.55850700942,532.5999999999999,2022-05-21 23:06:32
17905.9769746654,532.5999999999999,2022-05-21 23:06:35
17900.79884524132,532.5999999999999,2022-05-21 23:06:37
15563.409235201449,532.65,2022-05-21 23:06:39
19043.4527386313,532.5999999999999,2022-05-21 23:06:41
19123.674425674846,532.5999999999999,2022-05-21 23:06:44
19123.674425674846,532.5999999999999,2022-05-21 23:06:46
19123.674425674846,532.5999999999999,2022-05-21 23:06:48
18982.24245236551,532.5999999999999,2022-05-21 23:06:50
17603.7290776036,532.7,2022-05-21 23:06:52
17603.7290776036,532.7,2022-05-21 23:06:55
17603.7290776036,532.7,2022-05-21 23:06:57
17715.28280680915,532.55,2022-05-21 23:06:59
17262.195140424814,532.55,2022-05-21 23:07:01
14772.545363496649,532.5999999999999,2022-05-21 23:07:04
15322.583441064611,532.65,2022-05-21 23:07:06
15322.239653183608,532.65,2022-05-21 23:07:08
15322.239653183608,532.65,2022-05-21 23:07:10
16807.637084542872,532.65,2022-05-21 23:07:13
16813.58713710936,532.65,2022-05-21 23:07:15
15181.197757892778,532.65,2022-05-21 23:07:17
15191.258156795493,532.65,2022-05-21 23:07:19
15191.046016421347,532.65,2022-05-21 23:07:22
15191.046016421347,532.65,2022-05-21 23:07:24
15191.046016421347,532.65,2022-05-21 23:07:26
15191.046016421347,532.65,2022-05-21 23:07:28
15191.046016421347,532.65,2022-05-21 23:07:31
15191.046016421347,532.65,2022-05-21 23:07:33
16427.10533466952,532.7,2022-05-21 23:07:35
18549.54671974553,532.65,2022-05-21 23:07:37
18549.54671974553,532.65,2022-05-21 23:07:40
18549.54671974553,532.65,2022-05-21 23:07:42
18547.90447945546,532.65,2022-05-21 23:07:44
18141.91516326417,532.65,2022-05-21 23:07:46
19064.846273192063,532.3,2022-05-21 23:07:49
20328.21492274999,532.25,2022-05-21 23:07:51
20320.281801828954,532.25,2022-05-21 23:07:53
20763.146425788313,532.25,2022-05-21 23:07:55
20611.391475548902,532.2,2022-05-21 23:07:57
20696.31258758864,532.2,2022-05-21 23:08:00
20696.31258758864,532.2,2022-05-21 23:08:02
19405.058603085803,532.2,2022-05-21 23:08:04
19405.058603085803,532.2,2022-05-21 23:08:06
17019.152747516815,532.3,2022-05-21 23:08:09
17021.068610532962,532.3,2022-05-21 23:08:11
17021.068610532962,532.3,2022-05-21 23:08:13
17947.560577230746,532.3,2022-05-21 23:08:15
17947.560577230746,532.3,2022-05-21 23:08:18
17667.399007668468,532.3,2022-05-21 23:08:20
17667.399007668468,532.3,2022-05-21 23:08:22
17665.6545673853,532.3,2022-05-21 23:08:24
17866.055656763314,532.25,2022-05-21 23:08:27
18045.14752341199,532.25,2022-05-21 23:08:29
18045.14752341199,532.25,2022-05-21 23:08:31
21684.013926569132,532.35,2022-05-21 23:08:34
21478.3742293874,532.35,2022-05-21 23:08:36
22087.879518376853,532.35,2022-05-21 23:08:38
22089.535395535324,532.35,2022-05-21 23:08:41
20008.118237917435,532.7,2022-05-21 23:08:43
18687.012411679785,532.7,2022-05-21 23:08:45
17772.06052387991,532.7,2022-05-21 23:08:47
17152.246369567554,532.7,2022-05-21 23:08:49
18972.271302624118,532.65,2022-05-21 23:08:52
18992.865482338937,532.7,2022-05-21 23:08:54
18992.865482338937,532.7,2022-05-21 23:08:56
18990.01454510047,532.7,2022-05-21 23:08:59
18990.01454510047,532.7,2022-05-21 23:09:01
18990.01454510047,532.7,2022-05-21 23:09:03
18990.01454510047,532.7,2022-05-21 23:09:05
18990.01454510047,532.7,2022-05-21 23:09:08
16889.514063653536,532.65,2022-05-21 23:09:10
19708.15174134044,532.5,2022-05-21 23:09:12
19811.471002913702,532.5,2022-05-21 23:09:14
19846.76565100336,532.5,2022-05-21 23:09:17
19745.08290105617,532.5,2022-05-21 23:09:19
19709.384943081102,532.5,2022-05-21 23:09:21
16569.35117115582,532.45,2022-05-21 23:09:23
17551.879281586534,532.45,2022-05-21 23:09:26
17551.879281586534,532.45,2022-05-21 23:09:28
17550.04235622467,532.45,2022-05-21 23:09:30
17550.04235622467,532.45,2022-05-21 23:09:32
17647.20646125571,532.45,2022-05-21 23:09:34
17549.556553980638,532.45,2022-05-21 23:09:37
17549.556553980638,532.45,2022-05-21 23:09:39
17638.461399428856,532.45,2022-05-21 23:09:41
17638.461399428856,532.45,2022-05-21 23:09:43
17637.394697327218,532.45,2022-05-21 23:09:46
17637.394697327218,532.45,2022-05-21 23:09:48
17548.489831435527,532.45,2022-05-21 23:09:50
13967.857369503474,532.35,2022-05-21 23:09:52
15494.060183972855,532.3,2022-05-21 23:09:55
15519.022418825736,532.3,2022-05-21 23:09:57
15499.49712195946,532.3,2022-05-21 23:09:59
15614.78780973484,532.3,2022-05-21 23:10:01
15389.357180379091,532.35,2022-05-21 23:10:04
15389.424309025122,532.35,2022-05-21 23:10:06
15389.424309025122,532.35,2022-05-21 23:10:08
15389.424309025122,532.35,2022-05-21 23:10:10
13937.050175899569,532.25,2022-05-21 23:10:12
17487.48539644446,532.15,2022-05-21 23:10:15
16663.230461541927,532.0999999999999,2022-05-21 23:10:17
17311.459583685268,531.95,2022-05-21 23:10:19
17343.471924087386,531.8,2022-05-21 23:10:21
17333.28282641143,531.9,2022-05-21 23:10:24
17337.46329746865,531.9,2022-05-21 23:10:26
17337.46329746865,531.9,2022-05-21 23:10:28
17335.304176982652,531.9,2022-05-21 23:10:30
20258.80017018597,531.95,2022-05-21 23:10:33
19881.7292710428,531.95,2022-05-21 23:10:35
19696.573612030577,531.95,2022-05-21 23:10:37
19696.573612030577,531.95,2022-05-21 23:10:39
20448.91228927054,531.95,2022-05-21 23:10:42
18554.73331852865,531.95,2022-05-21 23:10:44
18553.798016530814,531.95,2022-05-21 23:10:46
18553.798016530814,531.95,2022-05-21 23:10:48
18553.798016530814,531.95,2022-05-21 23:10:51
18552.99395026516,531.95,2022-05-21 23:10:53
18369.082985423916,531.95,2022-05-21 23:10:55
19571.16103090561,531.8,2022-05-21 23:10:57
19569.483733834168,531.8,2022-05-21 23:11:00
16245.600695707239,531.8,2022-05-21 23:11:02
17063.731971536505,531.8,2022-05-21 23:11:04
17068.21005779122,531.8,2022-05-21 23:11:06
18266.70708729583,531.8,2022-05-21 23:11:09
18265.74140295587,531.8,2022-05-21 23:11:11
18265.74140295587,531.8,2022-05-21 23:11:13
18265.601870795188,531.8,2022-05-21 23:11:15
17736.958946781517,531.8,2022-05-21 23:11:18
17736.958946781517,531.8,2022-05-21 23:11:20
17736.966398638673,531.8,2022-05-21 23:11:22
17028.170964451103,531.8,2022-05-21 23:11:24
17028.170964451103,531.8,2022-05-21 23:11:27
17028.170964451103,531.8,2022-05-21 23:11:29
16481.427160774412,531.8,2022-05-21 23:11:31
16548.091877969102,531.8,2022-05-21 23:11:33
16548.091877969102,531.8,2022-05-21 23:11:36
16548.091877969102,531.8,2022-05-21 23:11:38
16548.091877969102,531.8,2022-05-21 23:11:40
16554.836135516114,531.8,2022-05-21 23:11:42
16554.836135516114,531.8,2022-05-21 23:11:45
16573.66000921735,531.8,2022-05-21 23:11:47
16573.66000921735,531.8,2022-05-21 23:11:49
16573.66000921735,531.8,2022-05-21 23:11:51
16575.916652553686,531.8,2022-05-21 23:11:54
16785.080324962193,531.8,2022-05-21 23:11:56
16789.462575373553,531.8,2022-05-21 23:11:58
16802.08432034551,531.8,2022-05-21 23:12:00
16802.08432034551,531.8,2022-05-21 23:12:03
16802.08432034551,531.8,2022-05-21 23:12:05
16596.961808238604,531.8,2022-05-21 23:12:07
16527.505570535515,531.8,2022-05-21 23:12:09
16527.505570535515,531.8,2022-05-21 23:12:12
16527.505570535515,531.8,2022-05-21 23:12:14
16608.139562368553,531.8,2022-05-21 23:12:16
16513.9100706617,531.85,2022-05-21 23:12:18
16824.978742449006,531.85,2022-05-21 23:12:21
16654.67501595738,531.85,2022-05-21 23:12:23
17842.446793493444,531.85,2022-05-21 23:12:25
19163.47340731448,531.75,2022-05-21 23:12:27
18203.59016751593,531.75,2022-05-21 23:12:30
18203.59016751593,531.75,2022-05-21 23:12:32
18203.59016751593,531.75,2022-05-21 23:12:34
17121.782981898195,531.7,2022-05-21 23:12:36
20452.654034232557,531.75,2022-05-21 23:12:39
21425.984545650663,531.8,2022-05-21 23:12:41
21221.191110335723,531.8,2022-05-21 23:12:43
21221.49154880182,531.8,2022-05-21 23:12:45
21257.133671754913,531.85,2022-05-21 23:12:48
21235.24296922727,531.85,2022-05-21 23:12:50
21235.24296922727,531.85,2022-05-21 23:12:52
22005.771461884346,531.9000000000001,2022-05-21 23:12:54
22005.771461884346,531.9000000000001,2022-05-21 23:12:57
22005.771461884346,531.9000000000001,2022-05-21 23:12:59
22005.771461884346,531.9000000000001,2022-05-21 23:13:01
22005.771461884346,531.9000000000001,2022-05-21 23:13:03
21235.24296922727,531.85,2022-05-21 23:13:06
23078.00694027803,531.9000000000001,2022-05-21 23:13:08
20042.797802839923,531.9000000000001,2022-05-21 23:13:10
21231.771497171118,531.9000000000001,2022-05-21 23:13:12
19301.550296939087,532.0999999999999,2022-05-21 23:13:15
19986.123833195572,532.0999999999999,2022-05-21 23:13:17
22489.943485930904,532.0,2022-05-21 23:13:19
22487.480471051174,532.0,2022-05-21 23:13:22
22488.65112955557,532.0,2022-05-21 23:13:24
22488.841959351514,532.0,2022-05-21 23:13:26
22488.841959351514,532.0,2022-05-21 23:13:28
22403.862098520447,532.0,2022-05-21 23:13:31
22393.461226830306,532.0,2022-05-21 23:13:33
21903.430748641007,532.0,2022-05-21 23:13:35
21903.430748641007,532.0,2022-05-21 23:13:37
21382.697667472192,532.0,2022-05-21 23:13:40
19175.67566641796,532.05,2022-05-21 23:13:42
16928.58210600406,532.0999999999999,2022-05-21 23:13:44
16928.35078103524,532.0999999999999,2022-05-21 23:13:46
16928.40966502227,532.0999999999999,2022-05-21 23:13:49
16916.801181238032,532.0999999999999,2022-05-21 23:13:51
20324.76154940604,531.95,2022-05-21 23:13:53
20348.95177652511,531.95,2022-05-21 23:13:55
20348.95177652511,531.95,2022-05-21 23:13:58
20338.843017389314,531.95,2022-05-21 23:14:00
20333.891720136784,531.95,2022-05-21 23:14:02
20333.891720136784,531.95,2022-05-21 23:14:04
20332.053224584783,531.95,2022-05-21 23:14:07
20332.053224584783,531.95,2022-05-21 23:14:09
20337.47181020674,531.95,2022-05-21 23:14:11
20330.24915720747,531.95,2022-05-21 23:14:13
20330.24915720747,531.95,2022-05-21 23:14:16
20330.24915720747,531.95,2022-05-21 23:14:18
20330.24915720747,531.95,2022-05-21 23:14:20
17798.320306803365,531.95,2022-05-21 23:14:22
17803.00248807551,531.95,2022-05-21 23:14:25
17803.00248807551,531.95,2022-05-21 23:14:27
17803.00248807551,531.95,2022-05-21 23:14:29
17803.00248807551,531.95,2022-05-21 23:14:31
17803.512107491097,531.95,2022-05-21 23:14:34
17803.512107491097,531.95,2022-05-21 23:14:36
17803.512107491097,531.95,2022-05-21 23:14:38
17336.259557530313,531.95,2022-05-21 23:14:41
17335.751064912703,531.95,2022-05-21 23:14:43
17336.259559880396,531.95,2022-05-21 23:14:45
17452.98854939142,531.95,2022-05-21 23:14:47
17454.799799121774,531.95,2022-05-21 23:14:50
17365.47958377781,531.95,2022-05-21 23:14:52
17365.47958377781,531.95,2022-05-21 23:14:54
17365.47958377781,531.95,2022-05-21 23:14:56
17365.47958377781,531.95,2022-05-21 23:14:58
17365.47958377781,531.95,2022-05-21 23:15:01
17365.47958377781,531.95,2022-05-21 23:15:03
14546.43663701033,531.95,2022-05-21 23:15:05
12320.821064647269,531.75,2022-05-21 23:15:08
12165.218141684407,531.75,2022-05-21 23:15:10
12164.994472349552,531.75,2022-05-21 23:15:12
12159.706736538015,531.75,2022-05-21 23:15:14
12157.313844730354,531.75,2022-05-21 23:15:17
13249.895333869867,531.65,2022-05-21 23:15:19
13252.274835510221,531.7,2022-05-21 23:15:21
13788.864414108646,531.7,2022-05-21 23:15:23
14930.331510591042,531.65,2022-05-21 23:15:26
14919.969872731352,531.65,2022-05-21 23:15:28
14919.969872731352,531.65,2022-05-21 23:15:30
18456.307344275487,531.65,2022-05-21 23:15:33
18456.307344275487,531.65,2022-05-21 23:15:35
18456.307344275487,531.65,2022-05-21 23:15:37
18456.537036948746,531.65,2022-05-21 23:15:39
16375.635319324138,531.45,2022-05-21 23:15:42
16416.210602614632,531.45,2022-05-21 23:15:44
14565.20464216767,531.45,2022-05-21 23:15:46
16963.069113971294,531.45,2022-05-21 23:15:49
16963.205341003624,531.45,2022-05-21 23:15:51
20809.348281208346,531.4000000000001,2022-05-21 23:15:53
20809.348281208346,531.4000000000001,2022-05-21 23:15:55
20803.175535140468,531.4000000000001,2022-05-21 23:15:58
17854.848148743295,531.65,2022-05-21 23:16:00
17860.899375740933,531.65,2022-05-21 23:16:02
17860.278581824234,531.65,2022-05-21 23:16:04
17210.333908478322,531.65,2022-05-21 23:16:07
17210.333908478322,531.65,2022-05-21 23:16:09
17961.64607374103,531.45,2022-05-21 23:16:11
18315.719463796388,531.45,2022-05-21 23:16:14
18310.478158751746,531.45,2022-05-21 23:16:16
18321.473085004185,531.45,2022-05-21 23:16:18
17381.276128958634,531.45,2022-05-21 23:16:20
17382.26778593121,531.45,2022-05-21 23:16:23
16635.653949299664,531.45,2022-05-21 23:16:25
17832.04555252984,531.4000000000001,2022-05-21 23:16:27
18534.013929768233,531.5,2022-05-21 23:16:29
18580.142663898685,531.6,2022-05-21 23:16:32
18536.478148496928,531.65,2022-05-21 23:16:34
18537.629661315517,531.65,2022-05-21 23:16:36
17951.369374815094,531.5999999999999,2022-05-21 23:16:38
17951.369374815094,531.5999999999999,2022-05-21 23:16:41
17951.369374815094,531.5999999999999,2022-05-21 23:16:43
17951.369374815094,531.5999999999999,2022-05-21 23:16:45
17973.165450532473,531.5999999999999,2022-05-21 23:16:47
17971.87274959178,531.5999999999999,2022-05-21 23:16:50
17971.813909328564,531.5999999999999,2022-05-21 23:16:52
16425.933787319576,531.55,2022-05-21 23:16:54
14917.158926881813,531.6,2022-05-21 23:16:57
14920.76470631217,531.6,2022-05-21 23:16:59
16398.97052725137,531.6,2022-05-21 23:17:01
16398.97062273327,531.6,2022-05-21 23:17:03
15253.658894035449,531.55,2022-05-21 23:17:06
15253.599029544352,531.55,2022-05-21 23:17:08
15253.599029544352,531.55,2022-05-21 23:17:10
15251.741550084907,531.55,2022-05-21 23:17:12
15251.241279805254,531.55,2022-05-21 23:17:15
15272.455509012603,531.55,2022-05-21 23:17:17
15272.455509012603,531.55,2022-05-21 23:17:19
17383.356494380914,531.6,2022-05-21 23:17:21
18991.31597514047,531.6,2022-05-21 23:17:24
18991.23894629831,531.6,2022-05-21 23:17:26
18991.23894629831,531.6,2022-05-21 23:17:28
18990.844665084114,531.6,2022-05-21 23:17:30
18990.844665084114,531.6,2022-05-21 23:17:33
20634.577179775242,531.65,2022-05-21 23:17:35
20634.577179775242,531.65,2022-05-21 23:17:37
20634.577179775242,531.65,2022-05-21 23:17:40
20647.385645813523,531.65,2022-05-21 23:17:42
20706.01535515581,531.65,2022-05-21 23:17:44
20704.952306046438,531.65,2022-05-21 23:17:46
20704.952306046438,531.65,2022-05-21 23:17:49
20704.952306046438,531.65,2022-05-21 23:17:51
20704.951716103766,531.65,2022-05-21 23:17:53
20704.951716103766,531.65,2022-05-21 23:17:55
20704.951716103766,531.65,2022-05-21 23:17:58
20705.02312749024,531.65,2022-05-21 23:18:00
19085.304131042012,531.6,2022-05-21 23:18:02
19085.304131042012,531.6,2022-05-21 23:18:04
18196.195075748717,531.6,2022-05-21 23:18:07
18196.195075748717,531.6,2022-05-21 23:18:09
17847.17917453786,531.65,2022-05-21 23:18:11
17847.301973142265,531.65,2022-05-21 23:18:13
19145.14986784439,531.6500000000001,2022-05-21 23:18:16
19145.14986784439,531.6500000000001,2022-05-21 23:18:18
19145.14986784439,531.6500000000001,2022-05-21 23:18:20
19145.037473877044,531.6500000000001,2022-05-21 23:18:23
19449.287148486004,531.7,2022-05-21 23:18:25
19449.287148486004,531.7,2022-05-21 23:18:27
19449.287148486004,531.7,2022-05-21 23:18:29
19449.287148486004,531.7,2022-05-21 23:18:32
20966.768332723208,531.75,2022-05-21 23:18:34
20975.339376602566,531.8,2022-05-21 23:18:36
20951.453763484988,531.8,2022-05-21 23:18:38
20946.584145970486,531.8,2022-05-21 23:18:41
20946.584145970486,531.8,2022-05-21 23:18:43
20946.584145970486,531.8,2022-05-21 23:18:45
20946.584145970486,531.8,2022-05-21 23:18:47
20969.59358379241,531.8,2022-05-21 23:18:50
20969.54713701579,531.8,2022-05-21 23:18:52
20969.54713701579,531.8,2022-05-21 23:18:55
20969.54713701579,531.8,2022-05-21 23:18:57
21232.454838381942,531.8,2022-05-21 23:18:59
21203.915950871095,531.8,2022-05-21 23:19:01
21203.915950871095,531.8,2022-05-21 23:19:04
21203.915950871095,531.8,2022-05-21 23:19:06
21203.915950871095,531.8,2022-05-21 23:19:08
21203.915950871095,531.8,2022-05-21 23:19:11
21203.915950871095,531.8,2022-05-21 23:19:13
20960.509963927583,531.85,2022-05-21 23:19:15
20996.58834878166,531.8,2022-05-21 23:19:17
20996.777548114216,531.8,2022-05-21 23:19:20
20876.43076868194,531.8,2022-05-21 23:19:22
20876.43076868194,531.8,2022-05-21 23:19:24
20876.43076868194,531.8,2022-05-21 23:19:26
20876.43076868194,531.8,2022-05-21 23:19:28
20876.43076868194,531.8,2022-05-21 23:19:31
20876.43076868194,531.8,2022-05-21 23:19:33
20876.43076868194,531.8,2022-05-21 23:19:35
20876.43076868194,531.8,2022-05-21 23:19:38
20881.32355662599,531.8,2022-05-21 23:19:40
20881.13437133191,531.8,2022-05-21 23:19:42
20881.13437133191,531.8,2022-05-21 23:19:44
20881.13437133191,531.8,2022-05-21 23:19:47
21262.86846007384,531.8,2022-05-21 23:19:49
21262.768525431733,531.8,2022-05-21 23:19:51
20844.72175835572,531.8,2022-05-21 23:19:53
19083.939976004083,531.5,2022-05-21 23:19:56
19034.303123603175,531.5,2022-05-21 23:19:58
19041.84916845933,531.5,2022-05-21 23:20:00
19039.1024835594,531.5,2022-05-21 23:20:03
19043.62703005263,531.5,2022-05-21 23:20:05
16356.60089832577,531.55,2022-05-21 23:20:07
16360.864838547408,531.55,2022-05-21 23:20:10
16110.879571653968,531.55,2022-05-21 23:20:12
16110.879571653968,531.55,2022-05-21 23:20:14
17019.404469477915,531.4000000000001,2022-05-21 23:20:16
17026.077573546583,531.4000000000001,2022-05-21 23:20:19
17026.077573546583,531.4000000000001,2022-05-21 23:20:21
12455.908894956161,531.4000000000001,2022-05-21 23:20:23
13494.536307088514,531.4000000000001,2022-05-21 23:20:26
13149.251661354156,531.4000000000001,2022-05-21 23:20:28
15687.536072825593,531.3,2022-05-21 23:20:30
15512.980914024061,531.3,2022-05-21 23:20:32
